Review,Cast,Cinematography,Music,Editing,Direction
The movie was fantastic with great acting.,good,not defined,not defined,not defined,not defined
The cinematography was poor and the music was bad.,not defined,bad,bad,not defined,not defined
Excellent direction but the editing could have been better.,good,not defined,not defined,bad,good
The plot was thrilling and engaging.,good,not defined,not defined,not defined,not defined
"I didn't like the movie, it was too slow.",bad,not defined,not defined,not defined,not defined
The direction and acting were top-notch.,good,not defined,not defined,not defined,good
The movie had poor special effects and a bad soundtrack.,bad,bad,bad,not defined,bad
The storyline was compelling and the characters were well-developed.,good,good,not defined,not defined,good
The editing was choppy and the scenes felt disconnected.,bad,bad,not defined,bad,not defined
Great cinematography but the plot was lacking.,not defined,good,not defined,not defined,not defined
The acting was brilliant and the storyline was captivating.,good,not defined,not defined,not defined,good
Poor direction and weak plot.,bad,not defined,not defined,not defined,bad
The music was fantastic but the acting was subpar.,not defined,not defined,good,not defined,not defined
The movie had a great beginning but a disappointing ending.,bad,not defined,not defined,not defined,bad
"The cinematography was stunning, but the editing was poor.",good,good,not defined,bad,not defined
